title,desc,2025,2024,2023,2022,pagenumber
79403_16,Sportanlagen105 Förderung des Sports,3715.0,0,0,0, 16
81117_16,VT- Förderung kultureller Projekte mit bezirkseigenen TransfermittelnFörderung kultureller Projekte durch drittfinanzierte Zuwendungenjaja,3630.0,3630.0,0,0, 16
80007_16,,10.0,848584.0,1662358.0,0, 16
79728_16,Verbundausbildung) / betreuten (+) Praktikanten eines Bezirks,0,0,0,0, 16
80935_16,,3810.0,0,0,0, 16
80980_16,Sportverwaltungja,0,0,0,0, 16
60714_16,ja,13.0,0,0,0, 16
80755_16,AngebotsstundenAngebotsstunden,3630.0,221417.0,1528270.0,0, 16
80005_16,  -,27.0,0,0,0, 16
80384_16,ambulanten und teilstationären Hilfe zur Pflege durch externe DienstleisterJa,506983.0,4265460.0,3640.0,0, 16
80146_16,Öffentliche Spiel- und BewegungsflächenKleingartenfläche (in Tds.qm),3121029.0,0,0,0, 16
79026_16,,17.0,0,0,0, 16
79404_16,,21.0,22.0,20.0,24.0, 16
80002_16,Anz. d. ehrenamt. Mitarbeiter mit AufwandsentschädigungBereitstellung von SportanlagenAnzahl der Teilnehmenden (Schüler)Bereitstell. v. Lehrgangsplätzen zum nachträgl. Erwerb von Schulabschlüssen,0,0,0,0, 16
79870_16,jaKulturelle AngeboteVHS-Sprachintegrationsmaßn. f. Mütter/Eltern ,0,0,0,0, 16
79402_16,jaAnz. d. durchgeführ. Maßn.i. Zeiteinheiten von 45 MinutenjaAnzahl der bearbeiteten VerträgeIst-Teilnehmerzahl,3610.0,0,0,0, 16
79103_16,UnternehmensbetreuungjaAnzahl abgeschlossener Maßnahmen,1.0,3309.0,0,0, 16
78449_16,ja,3810.0,0,0,0, 16
80008_16,,3306.0,3307.0,3611.0,3400.0,3640.0,3810.0,4000.0,4040.0,4202.0, 16
63094_17,Berliner PflegegeldgesetzJa,4015.0,0,0,0, 17
80165_17,,4042.0,0,0,0, 17
80003_17,Anzahl der anspruchsberechtigten Personen,15974.0,46.0,0,0, 17
76835_17,,40.0,39.0,41.0,0, 17
80031_17,,53.0,50.0,51.0,0, 17
80168_17,,43.0,813316.0,0,0, 17
80164_17,T - HzE Therapeutische Leistungen; ohne § 35a (Eingliederungshilfe für seelisch behinderteKinder und Jugendliche) SGB VIII (Kinder - Jugendhilfe),0,0,0,0, 17
80166_17,T - HzE - ambulante sozialpädagogische Familienhilfe,0,0,0,0, 17
79068_17,,54.0,0,0,0, 17
80682_17,VT - Bereitstellung von Notschlafplätzen in der Kältehilfeperiode durch freie TrägerJaJajajaGewerbebescheinigungen76844 *Gewerbl. Zulassungen80550 *,37.0,0,0,0, 17
80922_17,Sozialpädagogische Beratung zur Erlangung von Wohnraum oder sonstigen Wohnformen (ohne Hilfen nach §§ 67 ff SGB XII)Unterbringung zur Beseitigung von Obdachlsosigkeit,31.0,0,0,0, 17
80921_17,,30.0,0,0,0, 17
80633_17,,316267.0,525258.0,8849.0,0, 17
80489_17,Nutzerinnen und Nutzern,3360.0,0,0,0, 17
79713_17,JaT-HzE-TagesgruppenVT – Berufsorientierende und berufsvorbereitende Leistungen für junge Menschen (ohneindividuelle Kostenübernahme),0,0,0,0, 17
80403_18,Wohngemeinschaft (WG)Ja,4042.0,0,0,0, 18
80401_18,Gruppenangebote - Heimerziehung,7408704.0,258988.0,3292704.0,0, 18
80178_18,,66.0,0,0,0, 18
80629_18,,1887057.0,0,0,0, 18
80964_18,,83.0,0,0,0, 18
80966_18,,82.0,0,0,0, 18
80965_18,,70.0,68.0,0,0, 18
80400_18,,63.0,0,0,0, 18
80948_18,,80394.0,0,0,0, 18
80943_18,,4042.0,4040.0,0,0, 18
80398_18,T - HzE (innerhalb Berlins) Wohngemeinschaft (WG)ja,0,0,0,0, 18
80399_18,MenschenEGH-Verwalt-P- SGB XIIja,62.0,65.0,0,0, 18
80397_18,Gruppenangebote - Heimerziehung,61.0,0,0,0, 18
80396_18,Familienanaloge Angebote,536200.0,86.0,0,0, 18
80969_18,geprägte Kinder- und Jugendarbeit (AF 5),283866.0,85.0,0,0, 18
80180_18,VT – Beteiligung von Kindern und Jugendlichen an gesellschaftlichen Prozessen (AF 4),739514.0,109549.0,73.0,58.0, 18
80179_18,T-Fam.hilf-Notsituat,536200.0,4011.0,0,0, 18
80393_18,Anzahl der begünstigten jungen Menschen,4042.0,0,0,0, 18
80388_18,Anzahl der begünstigten jungen MenschenAnzahl der begünstigten jungen Menschen,4010.0,4011.0,0,0, 18
80973_19,als teilstationäre und n i c h t kofinanzierte Jugendhilfeangebotemit individueller Kostenübernahme (Transferprod. zu 80388)ja,4040.0,0,0,0, 19
81124_19,AngeboteVT-AF2-FamFörd-Angebote im häuslichen KontextVT-AF6-Familien(service)bürosjajaja,4010.0,4010.0,4040.0,89.0, 19
51902_28,,11406000.0,300000.0,0.0,0, 28
51802_29,    8.000;00 € Leasing von Kraftfahrzeugen,9550.0,0,0,0, 29
10001_29,    8.000;00 € Peugeot E-Expert Kombi 75kWh (nur M1Versionen),3800.0,0,0,0, 29
81179_29,V. Schaffung von Ladeinfrastruktur durch die öffentliche HandKapitelTitel,2024.0,2025.0,2024.0,2025.0,2024.0,2025.0, 29
51140_29,16.000;00 €     Einrichtung von Ladesäulen für die Dienstfahrzeuge,3400.0,0,0,0, 29
11920_37,E01 Volkstümliche Veranstaltungen    —      —      —  ,165.0,0,0,0, 37
11921_37,E03 Rückzahlungen von Zuwendungen,1200.0,1200.0,0,0, 37
11979_37,E03 Verschiedene Einnahmen,1000.0,1000.0,2000.0,4848.37, 37
23190_37,E01 Zweckgebundene Einnahmen vom Bund für konsumtive Zwecke ,51000.0,51000.0,48600.0,0, 37
28290_37,E01 Sonstige zweckgebundene Einnahmen für konsumtive Zwecke ,7000.0,7000.0,17000.0,14015.77, 37
29899_37,E01 Erbschaften für konsumtive Zwecke ,11000.0,0,0,0, 37
41201_37,Aufwendungen für ehrenamtlich Tätige ,4200.0,4200.0,4100.0,2320.0, 37
42201_37,Bezüge der planmäßigen Beamtinnen und Beamten ,442000.0,460000.0,329000.0,380307.23, 37
42701_37,Aufwendungen für freie Mitarbeiterinnen/Mitarbeiter ,5400.0,5400.0,5400.0,0, 37
42790_37,Aufwendungen für freie Mitarbeiterinnen/Mitarbeiter aus zweckgebundenen Einnahmen ,1000.0,0,0,0, 37
42890_38,Entgelte der Tarifbeschäftigten aus zweckgebundenen Einnahmen ,50000.0,50000.0,48600.0,22137.99, 38
44100_38,Beihilfen für Dienstkräfte,45800.0,47100.0,31900.0,43180.56, 38
51101_38,A09 Geschäftsbedarf,16000.0,16000.0,9000.0,9942.63, 38
51140_38,A05 Geräte; Ausstattungs- und Ausrüstungsgegenstände ,17500.0,17500.0,7500.0,9603.67, 38
51185_38,A09 Dienstleistungen für die verfahrensabhängige IKT    Siehe Maßnahmegruppe 32      ,0,0,0,0, 38
51802_38,A09 Mieten für Fahrzeuge,7500.0,7500.0,7500.0,6154.99, 38
52501_38,A09 Aus- und Fortbildung,13500.0,13500.0,1000.0,3733.71, 38
52610_38,A09 Gutachten,100000.0,100000.0,0,0, 38
52906_38,A09 Repräsentation; Empfänge; Feierlichkeiten; Kontaktpflege ,39000.0,39000.0,19000.0,11206.28, 38
53101_38,A09 Veröffentlichungen und Dokumentationen im Rahmen der Öffentlichkeitsarbeit ,6900.0,6900.0,1900.0,2973.82, 38
53191_38,A10 Umweltschutzfördernde Maßnahmen aus zweckgebundenen Einnahmen ,1000.0,1000.0,0,0, 38
54041_39,A09 Volkstümliche Veranstaltungen,1000.0,1000.0,1000.0,863.04, 39
54053_39,A09 Veranstaltungen,46900.0,45400.0,20900.0,20265.07, 39
54079_39,A09 Verschiedene Ausgaben,1000.0,1000.0,1000.0,560.65, 39
54101_39,A09 Klimaschutz als Bildungsinhalt,1000.0,1000.0,1000.0,535.0, 39
54102_39,A08 Maßnahmen zur Energieeinsparung ,42000.0,41170.65,0,0, 39
54103_39,A09 Energiespar-Marketing,1000.0,1000.0,1000.0,0, 39
54105_39,A09 Nachhaltige Entwicklung und Ressourcenschonung ,25000.0,27000.0,1000.0,929.51, 39
54690_39,A10 Sonstige sächliche Verwaltungsausgaben aus zweckgebundenen Einnahmen     —      —  ,19000.0,0,0,0, 39
68123_39,T Ehrungen; Preise,7900.0,7900.0,2900.0,0, 39
68154_39,T Geburtstags- und Jubiläumsgaben,1000.0,1000.0,1000.0,0, 39
68406_40,T Zuschüsse an soziale oder ähnliche Einrichtungen ,1314000.0,1314000.0,1277000.0,757882.41, 40
68432_40,T Zuschüsse für besondere soziale Projekte ,128000.0,128000.0,26300.0,4048.94, 40
68490_40,Z10 Zuschüsse an soziale oder ähnliche Einrichtungen aus zweckgebundenen Einnahmen ,1000.0,0,0,0, 40
51185_41,A09 Dienstleistungen für die verfahrensabhängige IKT ,7000.0,7000.0,1000.0,4068.16, 41
11979_43,E03 Verschiedene Einnahmen,1000.0,1000.0,1000.0,0, 43
42201_43,Bezüge der planmäßigen Beamtinnen und Beamten ,223000.0,232000.0,302000.0,216633.59, 43
42801_43,Entgelte der planmäßigen Tarifbeschäftigten ,231000.0,240000.0,303000.0,171867.48, 43
44100_43,Beihilfen für Dienstkräfte,2900.0,2900.0,14000.0,2706.02, 43
51101_43,A09 Geschäftsbedarf,2000.0,2000.0,2000.0,0, 43
51140_43,A05 Geräte; Ausstattungs- und Ausrüstungsgegenstände ,1000.0,1000.0,1000.0,0, 43
52501_43,A09 Aus- und Fortbildung,2000.0,2000.0,2000.0,0, 43
54079_43,A09 Verschiedene Ausgaben,1000.0,1000.0,1000.0,0, 43
11979_45,E03 Verschiedene Einnahmen,1000.0,1000.0,1000.0,0, 45
42801_45,Entgelte der planmäßigen Tarifbeschäftigten ,180000.0,187000.0,155000.0,175324.48, 45
42811_45,Entgelte der nichtplanmäßigen Tarifbeschäftigten ,393000.0,408000.0,318000.0,374587.88, 45
44100_45,Beihilfen für Dienstkräfte,1000.0,1000.0,1000.0,0, 45
51101_45,A09 Geschäftsbedarf,2300.0,2300.0,2300.0,1211.55, 45
52501_45,A09 Aus- und Fortbildung,6600.0,6600.0,6600.0,1944.01, 45
52703_45,A09 Dienstreisen,1000.0,1000.0,1000.0,1370.5, 45
54053_45,A09 Veranstaltungen,2000.0,2000.0,0,0, 45
54079_45,A09 Verschiedene Ausgaben,1000.0,1000.0,1000.0,1213.02, 45
11132_47,E03 Ersatz von Prozesskosten,5000.0,5000.0,0,0, 47
11979_47,E03 Verschiedene Einnahmen,1000.0,1000.0,1000.0,0, 47
28101_47,E03 Ersatz von Ausgaben,5000.0,0,0,0, 47
42201_47,Bezüge der planmäßigen Beamtinnen und Beamten ,484000.0,503000.0,610000.0,461528.81, 47
42801_47,Entgelte der planmäßigen Tarifbeschäftigten ,81000.0,84200.0,52200.0,83052.05, 47
44100_47,Beihilfen für Dienstkräfte,5900.0,6000.0,26000.0,5534.19, 47
51101_47,A09 Geschäftsbedarf,9400.0,9400.0,9400.0,7521.61, 47
51140_47,A05 Geräte; Ausstattungs- und Ausrüstungsgegenstände ,1000.0,1000.0,1000.0,1253.79, 47
51185_47,A09 Dienstleistungen für die verfahrensabhängige IKT    Siehe Maßnahmegruppe 32      ,0,0,0,0, 47
52501_47,A09 Aus- und Fortbildung,1500.0,1500.0,1500.0,1630.0, 47
52601_47,A09 Gerichts- und ähnliche Kosten,30000.0,30000.0,30000.0,49560.31, 47
51185_48,A09 Dienstleistungen für die verfahrensabhängige IKT ,45000.0,45000.0,40500.0,32373.74, 48
11972_51,E03 Nebenforderungen bei öffentlichrechtlichen Forderungen ,13000.0,12000.0,11000.0,12365.52, 51
11973_51,E03 Nebenforderungen bei privatrechtlichen Forderungen ,2000.0,2000.0,5500.0,1062.21, 51
11190_55,E01 Zweckgebundene Einnahmen aus Entgelten ,1000.0,0,0,0, 55
11903_55,E03 Schadenersatzleistungen; Vertragsstrafen ,1000.0,1000.0,1000.0,0, 55
11924_55,E02 Werbeerlöse,1000.0,1000.0,1000.0,0, 55
11934_55,E03 Rückzahlungen überzahlter Beträge ,1000.0,1000.0,1000.0,1364.25, 55
11979_55,E03 Verschiedene Einnahmen,1000.0,1000.0,1000.0,0, 55
11981_55,E03 Verkauf von Altmaterial und ausgesonderten Sachen ,1000.0,1000.0,1000.0,0, 55
11990_55,E01 Sonstige zweckgebundene Einnahmen ,1000.0,1000.0,0,0, 55
12401_55,E01 Mieten für Grundstücke; Gebäude und Räume ,650000.0,650000.0,720000.0,649242.33, 55
12406_55,E03 Mieten für Stellplätze auf Dienstgrundstücken ,8000.0,8000.0,11000.0,5230.0, 55
26109_55,E01 Erstattungen von Bauvorbereitungsmitteln ,1000.0,1000.0,20000.0,0, 55
28103_56,E03 Ersatz von Bewirtschaftungsausgaben ,50000.0,50000.0,40000.0,61646.43, 56
42201_56,Bezüge der planmäßigen Beamtinnen und Beamten ,752000.0,782000.0,1043000.0,717832.39, 56
42801_56,Entgelte der planmäßigen Tarifbeschäftigten ,6666000.0,6913000.0,6007000.0,5201219.13, 56
42811_56,Entgelte der nichtplanmäßigen Tarifbeschäftigten ,324000.0,337000.0,300000.0,314468.76, 56
42821_56,Ausbildungsentgelte (Tarifbeschäftigte) ,14000.0,14600.0,18100.0,11955.9, 56
44100_56,Beihilfen für Dienstkräfte,26000.0,26700.0,16500.0,24483.66, 56
51101_56,A09 Geschäftsbedarf,427000.0,439000.0,425000.0,545842.54, 56
51140_56,A05 Geräte; Ausstattungs- und Ausrüstungsgegenstände ,44000.0,53000.0,20000.0,22134.95, 56
51168_56,A05 Geräte; Ausstattungs- und Ausrüstungsgegenstände für die verfahrensabhängige IKT    Siehe Maßnahmegruppe 32      ,0,0,0,0, 56
51170_56,A09 Datenfernübertragung für die verfahrensabhängige IKT    Siehe Maßnahmegruppe 32      ,0,0,0,0, 56
51185_56,A09 Dienstleistungen für die verfahrensabhängige IKT    Siehe Maßnahmegruppe 32      ,0,0,0,0, 56
51408_57,A09 Dienst- und Schutzkleidung,6100.0,7200.0,2100.0,2488.66, 57
51479_57,A09 Allgemeine Verbrauchsmittel,11700.0,13100.0,1000.0,45683.9, 57
51701_57,A08 Bewirtschaftungsausgaben,3888000.0,4154000.0,7585000.0,7535653.0, 57
51801_58,A08 Mieten für Grundstücke; Gebäude und Räume ,3298000.0,3298000.0,2389000.0,2465694.31, 58
51802_58,A09 Mieten für Fahrzeuge,27000.0,27000.0,29000.0,12311.0, 58
51900_59,A02 Unterhaltung der Grundstücke und baulichen Anlagen ,3080000.0,3320000.0,3226000.0,4184238.05, 59
51902_59,A02 Bauliche Unterhaltung von Schulen und Schulsportanlagen ,11406000.0,11406000.0,8742000.0,5988801.78, 59
51920_60,A02 Unterhaltung der baulichen Anlagen für die IKT ,729000.0,729000.0,600000.0,43694.43, 60
51990_60,A10 Unterhaltung der Grundstücke und baulichen Anlagen aus zweckgebundenen Einnahmen ,1000.0,0,0,0, 60
52110_60,A04 Unterhaltung der Grünanlagen,110000.0,110000.0,130000.0,71186.01, 60
52501_60,A09 Aus- und Fortbildung,33700.0,38000.0,25000.0,26254.68, 60
52535_60,A09 Aufwendungen im Kontext dualer Studiengänge ,4200.0,4200.0,4000.0,4151.83, 60
52601_61,A09 Gerichts- und ähnliche Kosten,38000.0,38000.0,35000.0,37770.2, 61
52610_61,A09 Gutachten,20300.0,10000.0,100000.0,103652.37, 61
52703_61,A09 Dienstreisen,5000.0,5000.0,10000.0,3290.0, 61
53111_61,A09 Ausschreibungen; Bekanntmachungen ,1000.0,3000.0,0,0, 61
54010_61,A09 Dienstleistungen,200000.0,206000.0,205000.0,252272.56, 61
54040_61,A10 Bauvorbereitungsmittel,1130000.0,3066000.0,284000.0,74819.09, 61
54077_61,A09 Steuern; Abgaben,1000.0,0,0,0, 61
54102_62,A08 Maßnahmen zur Energieeinsparung ,120000.0,120000.0,100000.0,76382.65, 62
54690_62,A10 Sonstige sächliche Verwaltungsausgaben aus zweckgebundenen Einnahmen ,1000.0,1000.0,0,0, 62
71303_62,Rathaus Spandau: Einbau gläserner Aufzug und anschließende Erneuerung des bestehenden Lastenaufzugs     —      —  ,150000.0,0,0,0, 62
71305_63,Bürodienstgebäude Klosterstr. Datenneuverkabelung ,200000.0,500000.0,0,0, 63
71306_64,Rathaus Spandau: Sanierung BVVSaal     —      —        Verpflichtungsermächtigung    —  ,2000000.0,0,0,0, 64
71307_64,Rathaus Spandau: Sanierung Bürger Saal     —      —        Verpflichtungsermächtigung    —  ,1000000.0,0,0,0, 64
71308_65,Rathaus Spandau: Sanierung und Umnutzung Ratskeller     —      —        Verpflichtungsermächtigung    —  ,1000000.0,0,0,0, 65
51168_66,A05 Geräte; Ausstattungs- und Ausrüstungsgegenstände für die verfahrensabhängige IKT ,1000.0,1000.0,1000.0,185.45, 66
51170_66,A09 Datenfernübertragung für die verfahrensabhängige IKT ,3600.0,3600.0,10000.0,3541.59, 66
51185_66,A09 Dienstleistungen für die verfahrensabhängige IKT ,181000.0,156000.0,175000.0,143234.91, 66
52536_66,A09 Aus- und Fortbildung für die verfahrensabhängige IKT ,1000.0,1000.0,1000.0,0, 66
11901_69,E03 Veröffentlichungen,5000.0,5000.0,5000.0,0, 69
11903_69,E03 Schadenersatzleistungen; Vertragsstrafen ,50000.0,50000.0,50000.0,1584.66, 69
11979_69,E03 Verschiedene Einnahmen,1000.0,1000.0,1000.0,835.41, 69
42201_69,Bezüge der planmäßigen Beamtinnen und Beamten ,2021000.0,2054000.0,3636000.0,1832991.27, 69
42221_69,Bezüge der Anwärterinnen und Anwärter ,76700.0,80400.0,143000.0,65691.49, 69
42260_69,Bezüge der Beamtinnen/Beamten für Maßnahmen im Rahmen des Wissenstransfers ,1000.0,1000.0,1000.0,43230.84, 69
42701_69,Aufwendungen für freie Mitarbeiterinnen/Mitarbeiter ,5100.0,5100.0,5100.0,116.0, 69
42735_69,Stipendien für Studierende in spezifischen Bedarfsberufsgruppen ,20500.0,21500.0,1000.0,17534.25, 69
42760_69,Aufwendungen für freie Mitarbeiterinnen/Mitarbeiter im Rahmen des Wissenstransfers ,1000.0,1000.0,1000.0,0, 69
42801_69,Entgelte der planmäßigen Tarifbeschäftigten ,2622000.0,2726000.0,731000.0,1011386.26, 69
42811_69,Entgelte der nichtplanmäßigen Tarifbeschäftigten ,622000.0,647000.0,211000.0,951606.78, 69
42821_69,Ausbildungsentgelte (Tarifbeschäftigte) ,393000.0,412000.0,320000.0,255733.78, 69
42860_69,Entgelte für Tarifbeschäftigte für Maßnahmen im Rahmen des Wissenstransfers ,1000.0,1000.0,1000.0,-16899.83, 69
42861_69,Entgelte für Tarifbeschäftigte für Maßnahmen im Rahmen des Solidarischen Grundeinkommens (SGE) ,1000.0,1000.0,1000.0,67688.78, 69
44304_70,Beiträge an die Unfallkasse für Arbeitnehmerinnen und Arbeitnehmer ,412000.0,412000.0,265000.0,411926.9, 70
44379_70,Sonstige Fürsorgeleistungen für Dienstkräfte ,3000.0,3000.0,1700.0,3005.56, 70
45201_70,Nachversicherungen,84100.0,30000.0,6900.0,84128.68, 70
45300_70,Trennungsgelder; Umzugskostenvergütungen ,1000.0,1000.0,2300.0,550.0, 70
45902_70,Personalgewinnungs- und Personalbindungsprämien ,1000.0,1000.0,0,0, 70
45903_70,Prämien für besondere Leistungen,80500.0,30000.0,1000.0,80464.22, 70
51101_70,A09 Geschäftsbedarf,8900.0,8900.0,8900.0,5465.94, 70
51136_70,A09 Geschäftsbedarf für die verfahrensabhängige IKT    Siehe Maßnahmegruppe 32      ,0,0,0,0, 70
51140_70,A05 Geräte; Ausstattungs- und Ausrüstungsgegenstände ,20900.0,20900.0,20900.0,12634.25, 70
51168_70,A05 Geräte; Ausstattungs- und Ausrüstungsgegenstände für die verfahrensabhängige IKT    Siehe Maßnahmegruppe 32      ,0,0,0,0, 70
51185_70,A09 Dienstleistungen für die verfahrensabhängige IKT    Siehe Maßnahmegruppe 32      ,0,0,0,0, 70
52501_70,A09 Aus- und Fortbildung,15000.0,15000.0,13000.0,48357.67, 70
52703_70,A09 Dienstreisen,5700.0,5700.0,5700.0,638.96, 70
53105_70,A09 Beteiligung an Messen und Ausstellungen ,163000.0,163000.0,0,0, 70
53121_71,A09 Beteiligung der Bürgerinnen und Bürger an Planungen ,7600.0,7600.0,7600.0,0, 71
54002_71,A09 Personal- und Organisationsmanagement (ohne Aus- und Fortbildung) ,144000.0,144000.0,43400.0,36164.25, 71
54010_71,A09 Dienstleistungen,72800.0,72800.0,42800.0,26180.54, 71
54033_71,A09 Dienstleistungen für Kartenzahlungen ,27600.0,29600.0,25600.0,29740.14, 71
54038_71,A09 Dienstleistungen von Kreditinstituten ,18000.0,18000.0,18000.0,17676.64, 71
54079_71,A09 Verschiedene Ausgaben,1900.0,1900.0,1900.0,367.61, 71
54606_71,A09 Sächliche Ausgaben für Maßnahmen im Rahmen des Wissenstransfers ,1000.0,1000.0,1000.0,75.04, 71
63621_71,T Beiträge an die Unfallkasse,44000.0,44000.0,26600.0,44200.0, 71
68102_71,Z10 Entschädigungen; Ersatzleistungen ,1000.0,1000.0,1000.0,0, 71
81279_71,A05 Geräte; technische Einrichtungen; Ausstattungen ,20000.0,20000.0,0,0, 71
51136_72,A09 Geschäftsbedarf für die verfahrensabhängige IKT ,1900.0,1900.0,1900.0,0, 72
51168_72,A05 Geräte; Ausstattungs- und Ausrüstungsgegenstände für die verfahrensabhängige IKT ,1000.0,1000.0,1000.0,0, 72
51185_72,A09 Dienstleistungen für die verfahrensabhängige IKT ,10400.0,10400.0,10400.0,14128.2, 72
11979_75,E03 Verschiedene Einnahmen,1000.0,1000.0,1000.0,0, 75
42201_75,Bezüge der planmäßigen Beamtinnen und Beamten ,1000.0,1000.0,1000.0,0, 75
42801_75,Entgelte der planmäßigen Tarifbeschäftigten ,1000.0,1000.0,1000.0,0, 75
44100_75,Beihilfen für Dienstkräfte,1000.0,1000.0,1000.0,0, 75
51101_75,A09 Geschäftsbedarf,1000.0,1000.0,1000.0,0, 75
51140_75,A05 Geräte; Ausstattungs- und Ausrüstungsgegenstände ,1000.0,1000.0,1000.0,0, 75
52501_75,A09 Aus- und Fortbildung,1000.0,1000.0,1000.0,0, 75
54079_75,A09 Verschiedene Ausgaben,1000.0,1000.0,1000.0,0, 75
11105_77,E03 Gebühren nach der Verwaltungsgebührenordnung ,1000.0,0,0,0, 77
11924_77,E02 Werbeerlöse,8000.0,8000.0,1000.0,7920.73, 77
11961_77,E03 Erstattung von Steuerbeträgen,1000.0,1000.0,1000.0,110.92, 77
11979_77,E03 Verschiedene Einnahmen,1000.0,1000.0,1000.0,0, 77
26101_77,E01 Ersatz von Verwaltungsausgaben,1000.0,1000.0,508.97,0, 77
28290_77,E01 Sonstige zweckgebundene Einnahmen für konsumtive Zwecke ,1000.0,1000.0,1000.0,0, 77
42201_77,Bezüge der planmäßigen Beamtinnen und Beamten ,196000.0,204000.0,186000.0,187440.4, 77
42801_77,Entgelte der planmäßigen Tarifbeschäftigten ,341000.0,355000.0,446000.0,324044.82, 77
44100_77,Beihilfen für Dienstkräfte,3800.0,3900.0,4400.0,3550.54, 77
51101_77,A09 Geschäftsbedarf,3000.0,3000.0,3000.0,2357.3, 77
51140_77,A05 Geräte; Ausstattungs- und Ausrüstungsgegenstände ,10000.0,10000.0,13000.0,5957.28, 77
52703_78,A09 Dienstreisen,2000.0,2000.0,2000.0,565.62, 78
53101_78,A09 Veröffentlichungen und Dokumentationen im Rahmen der Öffentlichkeitsarbeit ,4000.0,4000.0,4000.0,2583.99, 78
53105_78,A09 Beteiligung an Messen und Ausstellungen ,3000.0,3000.0,3000.0,357.0, 78
54010_78,A09 Dienstleistungen,76000.0,76000.0,76000.0,29348.75, 78
54053_78,A09 Veranstaltungen,5000.0,5000.0,5000.0,600.0, 78
54077_78,A09 Steuern; Abgaben,2000.0,2000.0,1000.0,1249.18, 78
54079_78,A09 Verschiedene Ausgaben,1000.0,1000.0,1000.0,315.77, 78
54690_78,A10 Sonstige sächliche Verwaltungsausgaben aus zweckgebundenen Einnahmen ,1000.0,1000.0,1000.0,0, 78
81279_78,A05 Geräte; technische Einrichtungen; Ausstattungen     —  ,4237.97,0,0,0, 78
11979_81,E03 Verschiedene Einnahmen,1000.0,1000.0,1000.0,0, 81
41201_81,Aufwendungen für ehrenamtlich Tätige ,1400.0,1400.0,1400.0,0, 81
42201_81,Bezüge der planmäßigen Beamtinnen und Beamten ,113000.0,117000.0,109000.0,108140.83, 81
42801_81,Entgelte der planmäßigen Tarifbeschäftigten ,307000.0,317000.0,205000.0,239374.93, 81
44100_81,Beihilfen für Dienstkräfte,1000.0,1000.0,12300.0,161.64, 81
51101_81,A09 Geschäftsbedarf,2500.0,2500.0,2500.0,1795.68, 81
51140_81,A05 Geräte; Ausstattungs- und Ausrüstungsgegenstände ,3000.0,3000.0,3000.0,4039.4, 81
52501_81,A09 Aus- und Fortbildung,1200.0,1200.0,1200.0,0, 81
52703_81,A09 Dienstreisen,1000.0,1000.0,0,0, 81
52906_81,A09 Repräsentation; Empfänge; Feierlichkeiten; Kontaktpflege ,5000.0,5000.0,5000.0,7887.71, 81
54053_81,A09 Veranstaltungen,5700.0,5700.0,5700.0,3820.02, 81
54079_81,A09 Verschiedene Ausgaben,3400.0,3400.0,5700.0,453.05, 81
11979_83,E03 Verschiedene Einnahmen,1000.0,1000.0,1000.0,0, 83
42201_83,Bezüge der planmäßigen Beamtinnen und Beamten ,213000.0,222000.0,193000.0,102157.46, 83
42801_83,Entgelte der planmäßigen Tarifbeschäftigten ,67300.0,68900.0,1000.0,39700.21, 83
44100_83,Beihilfen für Dienstkräfte,7300.0,7500.0,3700.0,6903.84, 83
51101_83,A09 Geschäftsbedarf,1000.0,1000.0,1000.0,1178.1, 83
51140_83,A05 Geräte; Ausstattungs- und Ausrüstungsgegenstände ,1000.0,1000.0,1000.0,0, 83
52501_83,A09 Aus- und Fortbildung,1000.0,1000.0,1000.0,0, 83
52703_83,A09 Dienstreisen,1000.0,1000.0,1000.0,0, 83
54053_83,A09 Veranstaltungen,1000.0,1000.0,1000.0,0, 83
54079_83,A09 Verschiedene Ausgaben,1000.0,1000.0,1000.0,0, 83
11979_87,E03 Verschiedene Einnahmen,1000.0,1000.0,1000.0,7.0, 87
23190_87,E01 Zweckgebundene Einnahmen vom Bund für konsumtive Zwecke ,1000.0,1000.0,10000.0,0, 87
38190_87,E00 Verrechnungen für zweckgebundene Ausgaben ,1000.0,1000.0,1000.0,0, 87
41201_87,Aufwendungen für ehrenamtlich Tätige ,1000.0,1000.0,1000.0,0, 87
42201_87,Bezüge der planmäßigen Beamtinnen und Beamten ,351000.0,365000.0,494000.0,332054.45, 87
42701_87,Aufwendungen für freie Mitarbeiterinnen/Mitarbeiter ,2000.0,2000.0,0,0, 87
42801_87,Entgelte der planmäßigen Tarifbeschäftigten ,525000.0,544000.0,358000.0,387737.94, 87
44100_87,Beihilfen für Dienstkräfte,4400.0,4600.0,16800.0,4184.82, 87
51101_87,A09 Geschäftsbedarf,4000.0,4000.0,4500.0,467.53, 87
51140_87,A05 Geräte; Ausstattungs- und Ausrüstungsgegenstände ,6000.0,6000.0,5000.0,14414.78, 87
51185_87,A09 Dienstleistungen für die verfahrensabhängige IKT    Siehe Maßnahmegruppe 32      ,0,0,0,0, 87
52501_87,A09 Aus- und Fortbildung,6000.0,6000.0,6000.0,0, 87
52703_87,A09 Dienstreisen,6000.0,6000.0,7000.0,3044.0, 87
52906_87,A09 Repräsentation; Empfänge; Feierlichkeiten; Kontaktpflege ,1000.0,1000.0,1000.0,623.83, 87
53191_88,A10 Umweltschutzfördernde Maßnahmen aus zweckgebundenen Einnahmen ,16000.0,16000.0,20000.0,17878.45, 88
54010_88,A09 Dienstleistungen,1000.0,1000.0,1000.0,127752.45, 88
54053_88,A09 Veranstaltungen,2000.0,2000.0,2000.0,478.0, 88
54079_88,A09 Verschiedene Ausgaben,3000.0,3000.0,4000.0,827.57, 88
51185_89,A09 Dienstleistungen für die verfahrensabhängige IKT ,100000.0,100000.0,1000.0,713.86, 89
11979_91,E03 Verschiedene Einnahmen,1000.0,1000.0,1000.0,0, 91
42201_91,Bezüge der planmäßigen Beamtinnen und Beamten ,145000.0,150000.0,159000.0,143058.89, 91
42801_91,Entgelte der planmäßigen Tarifbeschäftigten ,197000.0,204000.0,130000.0,151949.89, 91
42811_91,Entgelte der nichtplanmäßigen Tarifbeschäftigten ,2900.0,2900.0,1000.0,3900.0, 91
44100_91,Beihilfen für Dienstkräfte,23700.0,24400.0,6800.0,22353.69, 91
51101_91,A09 Geschäftsbedarf,3000.0,3000.0,3000.0,366.74, 91
51140_91,A05 Geräte; Ausstattungs- und Ausrüstungsgegenstände ,6500.0,6500.0,6800.0,37566.06, 91
51185_91,A09 Dienstleistungen für die verfahrensabhängige IKT ,1000.0,0,0,0, 91
52501_91,A09 Aus- und Fortbildung,5000.0,5000.0,5000.0,0, 91
52703_91,A09 Dienstreisen,3000.0,3000.0,3000.0,384.65, 91
52906_91,A09 Repräsentation; Empfänge; Feierlichkeiten; Kontaktpflege ,2000.0,2000.0,2000.0,0, 91
53111_91,A09 Ausschreibungen; Bekanntmachungen ,3000.0,3000.0,3000.0,0, 91
54010_91,A09 Dienstleistungen,3000.0,3000.0,3000.0,583.1, 91
54079_92,A09 Verschiedene Ausgaben,5500.0,5500.0,5500.0,460.67, 92
11921_95,E03 Rückzahlungen von Zuwendungen,15000.0,15000.0,10000.0,31833.17, 95
11979_95,E03 Verschiedene Einnahmen,1000.0,1000.0,1000.0,0, 95
23190_95,E01 Zweckgebundene Einnahmen vom Bund für konsumtive Zwecke ,200000.0,200000.0,100000.0,193750.0, 95
28290_95,E01 Sonstige zweckgebundene Einnahmen für konsumtive Zwecke ,1000.0,10000.0,0,0, 95
41201_95,Aufwendungen für ehrenamtlich Tätige ,12700.0,12700.0,10100.0,12429.2, 95
42201_95,Bezüge der planmäßigen Beamtinnen und Beamten ,184000.0,191000.0,393000.0,252382.44, 95
42801_95,Entgelte der planmäßigen Tarifbeschäftigten ,245000.0,255000.0,386000.0,383353.79, 95
44100_95,Beihilfen für Dienstkräfte,1000.0,1000.0,1000.0,771.3, 95
51101_95,A09 Geschäftsbedarf,2000.0,2000.0,2000.0,732.81, 95
51140_95,A05 Geräte; Ausstattungs- und Ausrüstungsgegenstände ,8000.0,6000.0,3000.0,2875.25, 95
51190_95,A10 Geschäftsbedarf; Geräte; Gebrauchsgegenstände aus zweckgebundenen Einnahmen ,1000.0,40832.78,0,0, 95
52501_95,A09 Aus- und Fortbildung,4500.0,4500.0,2000.0,0, 95
52513_95,A09 Politische Bildungsarbeit,16500.0,16500.0,11500.0,11466.39, 95
53104_96,A09 Begegnungen; politische Bildungsarbeit; Gruppenfahrten ,5800.0,5800.0,5800.0,2500.0, 96
53403_96,A09 Ausgaben für den Schülerinnenund Schülerhaushalt ,15000.0,15000.0,0,0, 96
54010_96,A09 Dienstleistungen,15000.0,15000.0,15000.0,31553.63, 96
54053_96,A09 Veranstaltungen,29800.0,29800.0,29800.0,11803.24, 96
54079_96,A09 Verschiedene Ausgaben,2000.0,2000.0,2000.0,1031.08, 96
68406_96,T Zuschüsse an soziale oder ähnliche Einrichtungen ,33000.0,33000.0,868000.0,1118391.27, 96
68473_96,T Zuschüsse für Maßnahmen der Pflichtversorgung psychisch kranker und suchtkranker Menschen ,1019000.0,1020483.84,0,0, 96
68490_96,Z10 Zuschüsse an soziale oder ähnliche Einrichtungen aus zweckgebundenen Einnahmen ,200000.0,200000.0,101000.0,207809.68, 96
42201_99,Bezüge der planmäßigen Beamtinnen und Beamten ,104000.0,108000.0,122000.0,102586.55, 99
42801_99,Entgelte der planmäßigen Tarifbeschäftigten ,50600.0,52600.0,108000.0,50965.02, 99
42850_99,Ausgaben für Leistungen an Tarifbeschäftigte nach den Verwaltungsvorschriften VV Teilausgleiche und VV Rente ,1000.0,1000.0,1000.0,0, 99
44100_99,Beihilfen für Dienstkräfte,6600.0,6800.0,8600.0,6206.16, 99
46101_99,Pauschale Mehrausgaben für Personalausgaben ,1000.0,1000.0,1000.0,0, 99
11102_213,E03 Ersatzvornahmen,1000.0,1000.0,1000.0,0, 213
11105_213,E03 Gebühren nach der Verwaltungsgebührenordnung ,300000.0,300000.0,225000.0,426190.24, 213
11152_213,E03 Gebühren nach verschiedenen landesrechtlichen Vorschriften ,5000.0,5000.0,8000.0,997.0, 213
11153_213,E03 Gebühren nach Bundesrecht,400000.0,400000.0,365000.0,434646.44, 213
11154_213,E03 Sondernutzungsgebühren für Rohrkanalnetze der Berliner Wasserbetriebe (BWB) ,1107000.0,1107000.0,1100000.0,1106968.0, 213
11155_213,E03 Gebühren für die Sondernutzung öffentlicher Straßen ,700000.0,700000.0,900000.0,654605.73, 213
11201_213,E03 Geldstrafen; Geldbußen; Verwarnungs- und Zwangsgelder ,4000.0,4000.0,7000.0,1688.0, 213
11903_213,E03 Schadenersatzleistungen; Vertragsstrafen ,4000.0,4000.0,4000.0,4651.54, 213
11904_213,E01 Ersatz von Aufwendungen für Maßnahmen nach dem Berliner Straßengesetz ,500000.0,500000.0,500000.0,98931.09, 213
11981_214,E03 Verkauf von Altmaterial und ausgesonderten Sachen ,1000.0,1000.0,2000.0,947.43, 214
12290_214,E01 Einnahmen aus zweckgebundenen Nebenentgelten des Dualen Systems ,15000.0,15000.0,10000.0,13974.12, 214
12401_214,E01 Mieten für Grundstücke; Gebäude und Räume ,7000.0,7000.0,7500.0,7236.84, 214
26101_214,E01 Ersatz von Verwaltungsausgaben,10000.0,10000.0,20000.0,7030.6, 214
26109_214,E01 Erstattungen von Bauvorbereitungsmitteln ,400000.0,400000.0,200000.0,0, 214
28103_214,E03 Ersatz von Bewirtschaftungsausgaben ,1000.0,1000.0,3500.0,837.57, 214
28290_214,E01 Sonstige zweckgebundene Einnahmen für konsumtive Zwecke ,50000.0,50000.0,5000.0,215263.2, 214
34101_214,E03 Erschließungsbeiträge,302000.0,302000.0,1472000.0,377341.23, 214
42201_214,Bezüge der planmäßigen Beamtinnen und Beamten ,1164000.0,1210000.0,2092000.0,1120208.43, 214
42801_214,Entgelte der planmäßigen Tarifbeschäftigten ,3280000.0,3411000.0,2538000.0,2865245.96, 214
42811_214,Entgelte der nichtplanmäßigen Tarifbeschäftigten ,1000.0,1000.0,243000.0,0, 214
42890_215,Entgelte der Tarifbeschäftigten aus zweckgebundenen Einnahmen ,1000.0,1000.0,1000.0,0, 215
44100_215,Beihilfen für Dienstkräfte,46300.0,47800.0,29500.0,43740.4, 215
51101_215,A09 Geschäftsbedarf,3000.0,3000.0,4000.0,4427.24, 215
51140_215,A05 Geräte; Ausstattungs- und Ausrüstungsgegenstände ,10000.0,10000.0,10000.0,11725.51, 215
51185_215,A09 Dienstleistungen für die verfahrensabhängige IKT    Siehe Maßnahmegruppe 32      ,0,0,0,0, 215
51403_215,A09 Ausgaben für die Haltung von Fahrzeugen ,10000.0,10000.0,10000.0,5253.05, 215
51408_215,A09 Dienst- und Schutzkleidung,2000.0,2000.0,2000.0,4894.58, 215
51701_215,A08 Bewirtschaftungsausgaben,15000.0,17000.0,17000.0,18959.29, 215
52101_215,A03 Unterhaltung des Straßenlands,5442000.0,5442000.0,5051000.0,4916885.24, 215
52119_215,A10 Maßnahmen nach dem Berliner Straßengesetz zu Lasten anderer ,500000.0,500000.0,500000.0,489712.94, 215
52190_216,A10 Unterhaltung des sonstigen unbeweglichen Vermögens aus zweckgebundenen Einnahmen ,50000.0,50000.0,5000.0,77856.15, 216
52501_216,A09 Aus- und Fortbildung,5000.0,5000.0,6000.0,6348.33, 216
52601_216,A09 Gerichts- und ähnliche Kosten,1000.0,1000.0,1500.0,470.0, 216
52610_216,A09 Gutachten,1000.0,1000.0,1000.0,0, 216
52703_216,A09 Dienstreisen,5000.0,5000.0,10000.0,5802.8, 216
54012_216,A09 Ersatzvornahmen,1000.0,1000.0,1000.0,0, 216
54040_216,A10 Bauvorbereitungsmittel,400000.0,400000.0,200000.0,174764.18, 216
54077_216,A09 Steuern; Abgaben,1000.0,0,0,0, 216
73810_217,Neubau des Seegefelder Wegs von Hackbuschstraße bis Finkenkruger Weg     —      —      —  ,22927.21,0,0,0, 217
73815_218,Ausbau des Seekorso von Ritterfelddamm bis Kurpromenade     —      —      —      —        Verpflichtungsermächtigung    —  ,470000.0,0,0,0, 218
73819_219,Ausbau der Ahornallee von Seebadstraße bis Birkenallee     —      —      —      —        Verpflichtungsermächtigung    —  ,400000.0,0,0,0, 219
73820_220,Ersatzbau der Kurpromenade von Ritterfelddamm bis Waldallee ,1200000.0,1000000.0,300000.0,0, 220
73821_221,Ersatzbau der Waldallee von Kurpromenade bis Ritterfelddamm     —      —      —      —        Verpflichtungsermächtigung    —  ,400000.0,0,0,0, 221
73822_222,Neubau des Weinmeisterhornwegs von Wilhelmstraße bis Gatower Straße     —      —      —  ,6069.6,0,0,0, 222
73824_223,Ersatzbau des Isenburger Wegs von Torweg bis Zeestower Weg     —      —  ,300000.0,0,0,0, 223
73827_225,Ausbau des Birkenwegs von Pappelweg bis Buchenweg     —      —      —      —        Verpflichtungsermächtigung    —  ,400000.0,0,0,0, 225
73830_226,Neubau des Zeestower Wegs von Straße 339 bis Haus Nr. 18     —      —      —      —        Verpflichtungsermächtigung    —  ,884000.0,0,0,0, 226
73837_227,Umbau der Spandauer Straße von Nennhauser Damm bis Winterhuder Weg     —      —      —      —        Verpflichtungsermächtigung    —  ,600000.0,0,0,0, 227
73839_228,Neubau der Straße An der Kappe von Schulzenstraße bis Netphener Weg     —      —      —      —        Verpflichtungsermächtigung    —  ,230000.0,0,0,0, 228
73840_229,Neubau der Fachinger Straße von Torweg bis Jänickendorfer Weg     —      —      —      —        Verpflichtungsermächtigung    —  ,1000000.0,0,0,0, 229
73841_230,Ersatzbau der Kurpromenade von Seekorso bis Waldallee     —      —  ,300000.0,0,0,0, 230
73842_231,Neubau des Finkenkruger Wegs von Seegefelder Weg bis Torweg     —      —  ,300000.0,0,0,0, 231
73843_233,Neubau des Querwegs von Buschower Weg bis Siedlungsweg     —      —  ,400000.0,0,0,0, 233
73844_235,Neubau des Fahrlander Wegs von Döberitzer Weg bis Landesgrenze     —      —      —      —        Verpflichtungsermächtigung    —  ,456000.0,0,0,0, 235
73845_237,Neubau der Straße "Am Fort" von Buschower Weg bis Talweg     —      —      —      —        Verpflichtungsermächtigung    —  ,548000.0,0,0,0, 237
73846_238,Neubau der Straße "Am Fort" von Talweg bis Landesgrenze     —      —      —      —        Verpflichtungsermächtigung    —  ,778000.0,0,0,0, 238
73847_239,Umbau der Betckestraße    —  ,373000.0,0,0,0, 239
81179_239,A05 Fahrzeuge,130000.0,100000.0,0,0, 239
81259_239,A05 Geräte; technische Einrichtungen; Ausstattungen für die verfahrensabhängige IKT    Siehe Maßnahmegruppe 32      ,0,0,0,0, 239
81279_239,A05 Geräte; technische Einrichtungen; Ausstattungen ,5000.0,5000.0,0,0, 239
82164_239,Kauf von bebauten Grundstücken für das Verwaltungs- und das Stiftungsvermögen ,8000.0,1000.0,50000.0,15757.09, 239
51185_240,A09 Dienstleistungen für die verfahrensabhängige IKT ,5000.0,5000.0,6000.0,6693.45, 240
81259_240,A05 Geräte; technische Einrichtungen; Ausstattungen für die verfahrensabhängige IKT ,5000.0,5000.0,5000.0,1202.97, 240
11102_243,E03 Ersatzvornahmen,1000.0,1000.0,1000.0,0, 243
11149_243,E03 Gebühren nach der Verordnung über die Erhebung von Gebühren im Umweltschutz ,5000.0,5000.0,5000.0,3023.0, 243
11190_243,E01 Zweckgebundene Einnahmen aus Entgelten ,100000.0,100000.0,100000.0,84358.9, 243
11903_243,E03 Schadenersatzleistungen; Vertragsstrafen ,30000.0,30000.0,35000.0,11732.42, 243
11979_243,E03 Verschiedene Einnahmen,40000.0,40000.0,20000.0,89507.0, 243
12401_243,E01 Mieten für Grundstücke; Gebäude und Räume ,1000000.0,1000000.0,900000.0,1222094.3, 243
26109_243,E01 Erstattungen von Bauvorbereitungsmitteln ,50000.0,50000.0,50000.0,0, 243
28103_243,E03 Ersatz von Bewirtschaftungsausgaben ,210000.0,210000.0,220000.0,207756.08, 243
28290_243,E01 Sonstige zweckgebundene Einnahmen für konsumtive Zwecke ,100000.0,100000.0,80000.0,30860.98, 243
41201_244,Aufwendungen für ehrenamtlich Tätige ,1000.0,1000.0,1000.0,160.0, 244
42201_244,Bezüge der planmäßigen Beamtinnen und Beamten ,219000.0,227000.0,384000.0,210063.93, 244
42801_244,Entgelte der planmäßigen Tarifbeschäftigten ,9400000.0,9776000.0,8666000.0,8713776.09, 244
42811_244,Entgelte der nichtplanmäßigen Tarifbeschäftigten ,1401000.0,1457000.0,1697000.0,1369154.34, 244
42821_244,Ausbildungsentgelte (Tarifbeschäftigte) ,577000.0,605000.0,382000.0,494292.81, 244
44100_244,Beihilfen für Dienstkräfte,1500.0,1600.0,8700.0,1439.54, 244
51101_244,A09 Geschäftsbedarf,1000.0,1000.0,3000.0,2242.91, 244
51140_244,A05 Geräte; Ausstattungs- und Ausrüstungsgegenstände ,50000.0,50000.0,85000.0,85000.0, 244
51168_244,A05 Geräte; Ausstattungs- und Ausrüstungsgegenstände für die verfahrensabhängige IKT    Siehe Maßnahmegruppe 32      ,0,0,0,0, 244
51185_244,A09 Dienstleistungen für die verfahrensabhängige IKT    Siehe Maßnahmegruppe 32      ,0,0,0,0, 244
51403_244,A09 Ausgaben für die Haltung von Fahrzeugen ,210000.0,210000.0,219000.0,234958.56, 244
51408_244,A09 Dienst- und Schutzkleidung,37000.0,37000.0,40000.0,39768.58, 244
51701_245,A08 Bewirtschaftungsausgaben,279000.0,281000.0,376000.0,1149650.83, 245
51801_245,A08 Mieten für Grundstücke; Gebäude und Räume ,5000.0,5000.0,5000.0,5948.9, 245
51802_245,A09 Mieten für Fahrzeuge,14000.0,14000.0,15000.0,15000.0, 245
51803_245,A09 Mieten für Maschinen und Geräte,10000.0,10000.0,12000.0,12000.0, 245
51905_245,A04 Maßnahmen in Kleingartenkolonien ,1000.0,1000.0,0,0, 245
52103_245,A04 Unterhaltung baulicher Anlagen des Wasserstraßenbaus und der Wasserwirtschaft ,5000.0,5000.0,8000.0,0, 245
52110_245,A04 Unterhaltung der Grünanlagen,2088000.0,2088000.0,2000000.0,2128407.68, 245
52501_246,A09 Aus- und Fortbildung,30000.0,30000.0,35000.0,39858.38, 246
52536_246,A09 Aus- und Fortbildung für die verfahrensabhängige IKT    Siehe Maßnahmegruppe 32      ,0,0,0,0, 246
52703_246,A09 Dienstreisen,4000.0,4000.0,5100.0,3068.7, 246
53106_246,A09 Präventivmaßnahmen zum Gesundheitsschutz ,1000.0,1000.0,0,0, 246
54012_246,A09 Ersatzvornahmen,1000.0,1000.0,1000.0,0, 246
54040_246,A10 Bauvorbereitungsmittel,50000.0,50000.0,50000.0,3428.76, 246
54079_246,A09 Verschiedene Ausgaben,2000.0,2000.0,2000.0,35509.2, 246
70140_246,Ausgleichs- und Ersatzmaßnahme Flugplatz Gatow     —      —      —      —  R 201.597;78    ,0,0,0,0, 246
70141_246,Neubau einer Grünanlage am Nennhauser Damm; Mühlenviertel     —      —      —      —  R 2.059;54 Der Titel fällt weg.      ,0,0,0,0, 246
71610_247,Umbau des Wilhelm-von-SiemensParks ,199000.0,0,0,0, 247
71629_248,Neubau eines Spielplatzes am Havelufer nördluch Teufels- seekanal     —      —      —  ,25494.71,0,0,0, 248
71631_249,Neubau einer Grünanlage mit Spielplatz Schützenstraße     —      —  ,100000.0,0,0,0, 249
71632_251,Umbau des Stadtplatzes mit Spielplatz Blumenstraße     —      —      —      —        Verpflichtungsermächtigung    —  ,100000.0,0,0,0, 251
71634_252,Neubau Spielplatz Daumstraße / Havel ,150000.0,274000.0,0,0, 252
81179_253,A05 Fahrzeuge,132000.0,135000.0,200000.0,206426.0, 253
81259_253,A05 Geräte; technische Einrichtungen; Ausstattungen für die verfahrensabhängige IKT    Siehe Maßnahmegruppe 32      ,0,0,0,0, 253
81279_253,A05 Geräte; technische Einrichtungen; Ausstattungen ,31000.0,30000.0,61000.0,49000.0, 253
51168_254,A05 Geräte; Ausstattungs- und Ausrüstungsgegenstände für die verfahrensabhängige IKT ,5000.0,5000.0,10000.0,0, 254
51185_254,A09 Dienstleistungen für die verfahrensabhängige IKT ,25000.0,28000.0,30000.0,32334.88, 254
52536_254,A09 Aus- und Fortbildung für die verfahrensabhängige IKT ,1000.0,1000.0,1000.0,2984.0, 254
81259_254,A05 Geräte; technische Einrichtungen;Ausstattungen für die verfahrensabhängige IKT ,5000.0,5000.0,5000.0,5000.0, 254
11152_257,E03 Gebühren nach verschiedenen landesrechtlichen Vorschriften ,2300000.0,2300000.0,2060000.0,2277818.9, 257
11903_257,E03 Schadenersatzleistungen; Vertragsstrafen ,1000.0,1000.0,1000.0,0, 257
11979_257,E03 Verschiedene Einnahmen,1000.0,1000.0,1000.0,510.91, 257
28290_257,E01 Sonstige zweckgebundene Einnahmen für konsumtive Zwecke ,1000.0,1000.0,1000.0,11390.0, 257
38190_257,E00 Verrechnungen für zweckgebundene Ausgaben ,117000.0,117000.0,100000.0,117097.2, 257
42201_257,Bezüge der planmäßigen Beamtinnen und Beamten ,98800.0,103000.0,186000.0,95123.56, 257
42801_257,Entgelte der planmäßigen Tarifbeschäftigten ,1843000.0,1917000.0,1633000.0,1766144.53, 257
42890_257,Entgelte der Tarifbeschäftigten aus zweckgebundenen Einnahmen ,1000.0,1000.0,1000.0,0, 257
44100_257,Beihilfen für Dienstkräfte,11300.0,11700.0,21700.0,10683.45, 257
51101_257,A09 Geschäftsbedarf,1000.0,1000.0,1000.0,199.2, 257
51140_257,A05 Geräte; Ausstattungs- und Ausrüstungsgegenstände ,5000.0,4000.0,5000.0,11933.27, 257
51190_258,A10 Geschäftsbedarf; Geräte; Gebrauchsgegenstände aus zweckgebundenen Einnahmen     —      —      —      —  R 659;00    ,0,0,0,0, 258
51403_258,A09 Ausgaben für die Haltung von Fahrzeugen ,28000.0,28000.0,30000.0,30049.12, 258
51408_258,A09 Dienst- und Schutzkleidung,2000.0,2000.0,2000.0,1489.02, 258
51479_258,A09 Allgemeine Verbrauchsmittel,1000.0,1000.0,1000.0,0, 258
51701_258,A08 Bewirtschaftungsausgaben,15000.0,17000.0,32500.0,-1430.89, 258
52111_258,A04 Unterhaltung der Friedhofsanlagen,635000.0,730000.0,615000.0,690209.27, 258
52190_258,A10 Unterhaltung des sonstigen unbeweglichen Vermögens aus zweckgebundenen Einnahmen ,117000.0,117000.0,100000.0,185022.97, 258
53205_258,A09 Ausschmückung von Räumen,1000.0,1000.0,1000.0,0, 258
71604_259,Neubau der Hauptwege auf dem Friedhof "In den Kisseln"; 3. Bauabschnitt     —      —  ,200000.0,263707.12,0,0, 259
71605_260,Umbau des Friedhofes Staaken; Buschower Weg     —      —  ,100000.0,0,0,0, 260
71606_261,Neubau der Hauptwege auf dem Friedhof "In den Kisseln" 4.BA ,200000.0,235000.0,0,0, 261
81179_262,A05 Fahrzeuge,50000.0,50000.0,100000.0,125000.0, 262
51185_263,A09 Dienstleistungen für die verfahrensabhängige IKT ,3000.0,3000.0,3000.0,4528.76, 263
11961_387,E03 Erstattung von Steuerbeträgen,1000.0,1000.0,1000.0,1046.11, 387
13110_387,E02 Erlösbeteiligung der Bezirke aus der Veräußerung von bebauten Grundstücken ,98500.0,98500.0,123000.0,424524.62, 387
13510_387,E02 Erlösbeteiligung der Bezirke aus der Veräußerung von unbebauten Grundstücken ,98500.0,98500.0,41000.0,0, 387
35903_387,E00 Entnahme aus der Rücklage nach § 62 LHO     —      —  ,5899000.0,0,0,0, 387
35909_387,E00 Entnahme aus der Rücklage pauschale Zuweisung ,1000.0,1000.0,1000.0,1903616.18, 387
35910_387,E00 Entnahme aus der Rücklage für Sonderinvestitionen ,1000.0,1000.0,0,0, 387
35911_387,E00 Entnahme aus der Ergebnisrücklage ,8000000.0,8200000.0,1000.0,0, 387
36020_387,E00 Überschuss des vorletzten Haushaltsjahres     —      —  ,1534000.0,7367140.71,0,0, 387
36030_387,E00 Kassenmäßiger Überschuss des Vorjahres     —      —      —  ,1532838.38,0,0,0, 387
37101_387,E03 Pauschale Mehreinnahmen,695000.0,175000.0,1720000.0,0, 387
38530_387,E00 Zuweisungen für Investitionen,9244000.0,10362000.0,7891000.0,5175999.0, 387
38630_387,E00 Zuweisungen für Ausgaben (ohne Investitionen) ,627815000.0,633465000.0,568131000.0,602268472.0, 387
54077_388,A09 Steuern; Abgaben,3000.0,3000.0,3000.0,1798.0, 388
71903_388,Pauschale Minderausgaben für Bauinvestitionen des Hochbaus ,-19000.0,0,0,0, 388
91909_388,A10 Zuführung an die Rücklage pauschale Zuweisung ,1000.0,1000.0,1000.0,3160251.56, 388
91910_388,A10 Zuführung an die Rücklage für Sonderinvestitionen ,25000.0,25000.0,25000.0,0, 388
91911_388,A10 Zuführung an die Ergebnisrücklage,1000.0,1000.0,1000.0,17452733.71, 388
96010_388,A10 Überschuss des Vorjahres    —      —      —  ,1532838.38,0,0,0, 388
96020_388,A10 Fehlbetrag des vorletzten Haushaltsjahres     —  ,1000.0,0,0,0, 388
97110_388,A09 Verstärkungsmittel,200000.0,200000.0,40000.0,0, 388
97120_388,A09 Verfügungsmittel,100000.0,100000.0,35000.0,0, 388
97130_388,A09 Sondermittel der Bezirksverordnetenversammlung ,25000.0,25000.0,25000.0,0, 388
97203_388,A09 Pauschale Minderausgaben,-4150000.0,-5966000.0,-7465000.0,0, 388
98400_388,A10 Verrechnungen für kalkulatorische Gebäudekosten ,21100000.0,21100000.0,20524000.0,20523097.0, 388
98420_388,A10 Verrechnungen für kalkulatorische Zinsen Mobilien ,185000.0,185000.0,187000.0,186665.0, 388
98440_388,A10 Verrechnungen für kalkulatorische Pensionen ,10245000.0,10245000.0,9421000.0,9420714.0, 388
11924_391,E02 Werbeerlöse,2000.0,2000.0,5100.0,4100.0, 391
11979_391,E03 Verschiedene Einnahmen,1000.0,1000.0,1000.0,100.45, 391
12401_391,E01 Mieten für Grundstücke; Gebäude und Räume ,1100000.0,1100000.0,1040000.0,1105056.32, 391
12404_391,E01 Erbbauzinsen,900000.0,900000.0,760000.0,828281.6, 391
28103_391,E03 Ersatz von Bewirtschaftungsausgaben ,7500.0,7500.0,7400.0,7956.67, 391
42201_391,Bezüge der planmäßigen Beamtinnen und Beamten ,120000.0,125000.0,317000.0,117805.6, 391
42801_391,Entgelte der planmäßigen Tarifbeschäftigten ,91100.0,94800.0,1000.0,85258.06, 391
44100_391,Beihilfen für Dienstkräfte,31100.0,32000.0,15400.0,29306.61, 391
51101_391,A09 Geschäftsbedarf,1000.0,1000.0,1000.0,190.0, 391
51801_392,A08 Mieten für Grundstücke; Gebäude und Räume ,31100.0,31100.0,1500.0,2080.96, 392
51900_392,A02 Unterhaltung der Grundstücke und baulichen Anlagen ,255000.0,15000.0,250000.0,8473.18, 392
52110_392,A04 Unterhaltung der Grünanlagen,10000.0,10000.0,0,0, 392
52601_392,A09 Gerichts- und ähnliche Kosten,1000.0,1000.0,1000.0,0, 392
13390_395,Verkauf von Wertpapieren für zweckgebundene Ausgaben ,1000.0,1000.0,1000.0,212000.0, 395
35990_395,Zweckgebundene Entnahme aus dem Geldbestand ,45800.0,45800.0,22000.0,119766.88, 395
51790_395,Bewirtschaftung der Grundstücke; Gebäude und Räume aus zweckgebundenen Einnahmen ,2000.0,2000.0,2000.0,1954.77, 395
51990_395,Unterhaltung der Grundstücke und baulichen Anlagen aus zweckgebundenen Einnahmen ,1000.0,1000.0,1000.0,0, 395
83190_395,Kauf von Wertpapieren aus zweckgebundenen Einnahmen ,1000.0,1000.0,1000.0,291000.0, 395
98190_396,Verrechnungen aus zweckgebundenen Einnahmen ,41800.0,41800.0,18000.0,16399.04, 396
